Wow,6sUVclkQYxqcCXOxUvlsoe
DRILL FR 5 (feat. Hamza),5xygfcGSdzW69OOSqYi3iD
BXL ZOO,7BO3y8lmogACezwHqZ1HTB
Problèmes du matin,1n4Ud9ZkZY5mA7QfIu53r8
6.3,3lTL4LdFKVF51lseI2nk5D
Zipette,1Lulg5ZiMEXy3QNwb1PB8I
Siliconé,4pmQt0EAXwy2SyXOJJ2bPU
Tes parents (feat. Ninho),0G0ZyEQyc3IBcRnYCvtTwb
Crois-moi (feat. Ninho),69I4Eynuxdj6LEmpvG56u6
Focus,6QqQTNWAOE3yqXZVH4QXzO
ÉTINCELLES,7s4w35bbNzcuq6fXDNHYCu
CIGARETTES,5RfGtB2x4yuCwJ2MSXL9aG
RÈGLES,4ljAX1VxpJ70PDodTI64FA
J'ENCAISSE,2FMxUXoO7YKlqGQafXhz8q
ZÉRO DÉTAIL,1gpYSFGZNaTjynm0RWnzy1
Drill #1 - Freestyle,5UHrE6MJCBaW5MrTv2M3PC
7 sur 7,1zx0P48KC7UeDhBEZkbCvo
Coffre plein,70pkwEEG7nDTXBFqoGQkH0
Djomb - Bien ou quoi,0KBwGCY9RYD9t2zjeW4h48
Cruel,7zF8R12fP9fX4b11arc1FP
Canon long,36DkckOfvhhp7frRM0KfuO
Gotaga,2diEeH1DjfrYGRlXENLkdY
weirdCharacter,6KXa4E3C3zIF9uTk60doYC
Tricheur,7C7GtWZmyicqjBDbAWPsCp
weirdCharacter,0fukO3WYYUHaXOrvEohpEG
weirdCharacter,66lF1QWtLZXJofJ3x388RV
Homesick - Remastered,45TOYG5wlT96EZZLi3Byam
In the End,60a0Rd6pjrkxjPbaKzXjfq
Gone,6Aslruh5oCnzDKWTALrHOZ
Cœur de pierre,4JdTVnmcKM5j0RV31fdxRa
Maman S’inquiète,14sV4kS7JStxDMWnACNd8M
PARADISE (Kill The Silence),1YLnHvUtdMN91dmwFE5ueh
Grammy,1F80oFo5GF9pEObN8NCKqm
Trajectoire,5URRkOSTiK6ptNimcb3mDl
Cheddar,6NH6WJm7i8kRP5Zi5Z6Hvb
Crossfader,6cT2ovEBYIdVIdjRM532dp
Daruma,3nLuikFtBQKiFAq2XUPdqv
Kodak White,1IbBbk6SGTrbG6caejCd3B
Cloud 8,4ISqqVb480TDK9ocO54iMl
Rémus,2Leu5NB1oRTWJFldo7PW6y
Pas de reine,6S5zBMqjRM4Ysr8hsV7G1Z
Somebody's Watching Me,4pwaIYFQinYkgkOE7WnbGc
Freed From Desire,3u5N55tHf7hXATSQrjBh2q
Wanderers,3E7JPUflwWNODRGXUw7K2D
Lithium,5YaLFRpqpUzgLLDcukNn0H
white silence (album version),161KlKBv120k9vQG7jKIsa
Règlement Space #3,3HXsKiJFLV1VJ6oCQVm3tr
weirdCharacter,1X8frTk9CAPyDiJOOwMo2z
Sakura Nagashi,0UlWUh0S931XEks10T7MyP
child dancer,5BtdzQQCSTCIj8W0UZuVRS
Polozhenie (Remix),0nILYWRNvOGFcQJ8MlbdOH
Daddy chocolat,4IbDTrLxImTJfZePAX2nKB
"Études, Op. 10: No. 4 in C-Sharp Minor ""Torrent"" - Live",5JNgYciqwBjuo84p2nx8jU
Why Can't I Be You?,4yvLuzn3JWfasEnHFVBbdM
Fresh,1mMYaXpT65iZDtvfRA9EkE
Lovesong - Remastered,2mIrfke7vosXAEWfz6ucyo
The Rumbling (TV Size),0KCSJzsQVxkloxoT7dyrqV
Apocalypse,1EeJRcSMWvyu0BJmhUORln
Misanthrope,3xu8r729cgGQy49TMuW9hO
Puzzle,03fRVtqtEQT4B5E5yGSm2N
Sur un nouvel album,7gaXVyPaSqUwIcLPTrnHLm
La faux le fer,3ntXOAGhqRRjRbGF5Jtbuf
Un mot,2OtS79y1U6ZbuHkP4AzFs0
Papoose,1QOPXog7uc6nIRuIdIGsdk
Rappeur conscient,5UgxIxOJKTSW3MEsyHg64S
Maudit (feat. Hamza),6MHeQfndkEfQvEoHOpkjgl
DÉGRADÉ,7i63PuecZRJa91i7wolaMa
Autre part,3jEOOagWyO5ziLu9sIUm8l
BM (London View),2swRdG3vAk5bYBR3oSf1cg
"Eurovision (feat. Rondodasosa, Baby Gang, A2 Anti, Morad, Beny Jr, Ashe 22 & Freeze corleone)",4f5TKGvkD4TkTjr61GKNAG
6 For 6,7bd2AqE9TBaqI9p3sU9VoW
The Great Escape (feat. Central Cee),11z8FQUmPdr1JQxOlBqECS
Khabib,194U52vElkbmFe8QTefrgw
Straight Back to It,23s4kbwYhtZdRhdFIsLzhN
S/O le Flem,4uKs020fbyXXfn2NVo6aTr
OPPS,4TPWA6P0WSkdu8qXhllaq1
L'oeuvre au noir,2UqNiA3HgMGwh17RKQ1BoI
Genèse,5chrglQ49vx5fjvf0h1y5A
Dans ma tête,6Dl8WpvxTQ0agzfPyq3Kcz
goosebumps,6gBFPUFcJLzWGx4lenP6h2
Just the Two of Us (feat. Bill Withers),1ko2lVN0vKGUl9zrU0qSlT
Give Me the Night,5gaUkg5JNk8c4mr2jnpX8H
What's on Your Mind,0uugJPMMuIpugFh2aXN6m9
BACK2BACK,4eMmnr7OGGfhcgMOIzeGeh
Something In The Way,1nFtiJxYdhtFfFtfXBv06s
lemme land?,4Fmr4dbY1sZiX77ZbljNFC
Vendredi13Mai2022,616RYGSXa53TfiapPMECmF
Babylone,2j494b1ZhXswDVorEIV5va
Legend,05EG9LwFCVjkoYEWzsrHHO
Papillon,10O3CqQ6tocbWuxzrRhF7t
you never meant it,4LMlIX9Y8qziRafzW30mGc
They Distort My Reality,6rmlfJjZ2kmMIjKFtOQWjZ
Paparazzi,47enw9R1hdkfuxeSjoDQ0N
Angie,1GcVa4jFySlun4jLSuMhiq
Awaken,3jevgr3fYdv9wYO3IDJq2a
Overkill,4XdaaDFE881SlIaz31pTAG
Burn It All Down,0ked784BOZ1JtRVHux98jE
Water Run Dry,1r7MrNL4fRwFjq5h9u5Zdf
Loat,7anM4NnkiWGjxiAIZhwjKw
Vago,3XSNCLDDAxZYf6obe0MjKR
Fast life,5INKDdYU7V0KtJgoQe9etA
CANADA,6sutxiq0dIw77z0rCB3Ekk
THANXX,0YXpDiXEQlRmVSAFcub7sE
veil,1dGF5ymTyBB2ZmOypkeU1F
FADE UP,4ZpIuzx91EAPK3VimONbfB
Inception,2o861U0gvFeZWJAiNYvbfM
Fight Club,1i77Jphj3twH3eNeMvrSzy
Falling Down - Bonus Track,4jvjzW7Hm0yK4LvvE0Paz9
Save That Shit,0S0vWvyZ6Rc79TXkWxT9QA
16 Lines,6akBF8JWM8lrpqejdwIfYI
PETETE,0z3bi63SNZ5ylyHOzb81Uq
LIFE LIFE,3hCK6VnlAEG4hTcG3GbJUc
XO Tour Llif3,7GX5flRQZVHRAGd6B4TmDO
Intro marathon,5HusmRnRhq149fut8Bua5z
Mo Bamba,1xzBco0xcoJEDXktl7Jxrr
Taste (feat. Offset),2toVe5hfuIi97ytDPDbQFt
Ric Flair Drip (with Metro Boomin),7sO5G9EABYOXQKNPNiE9NR
Dubai Shit,6urLjX35oXXRYtcH1b3dCh
way back,2Zy7XVdxyZQB8xp5xbpJdl
Los Santos (feat. Bramo et Diddi Trix),57E5K0VtRdaTXzZ8WGtV1A
Goretex,5lZwPglyPSxGTxDvQ73uGc
Pas bête,3TVUW7bJJWDOonkVCZxfLV
Running Up That Hill (A Deal With God),75FEaRjZTKLhTrFGsfMUXR
BEcause,3L74uwShK0JqEUZ5Y2JoDW
Break The Wall,6JwdtdGwxtPGbhYnsv9jsj
Parasite,4b1RlsVRXPOI6pncRuTrTm
NO BYSTANDERS,6OaVWaGfhXn70ZJfdVcabn
Cassanova (Feat. Kimo:L),4KVWJjT3xbTs6vBClOZzHB
Frozen,2VRyStikUzoSFfBhS71rTX
Ocean,40Kv3fK0zEcIoFdyeFZJ6G
Balotelli (feat. Freeze Corleone),5wEqvLA4Kg0XQgatgTvqXe
"3RACHA (Bang Chan, Changbin, HAN)",6T4o4xEh61CpgM9v4jG5DJ
Doja,3LtpKP5abr2qqjunvjlX5i
Beldia (T'es bete ou quoi ?),3sh1FSPv7vjwS1RQj3kLS5
STAR WALKIN' (League of Legends Worlds Anthem),38T0tPVZHcPZyhtOcCP7pF
Pépé Anglais,3r2gwZBe5SuG5F9PdlMp1X
Tout s'en va,0cf1gWT1VpWrxxgjjIiH4V
Clic clac bang bang,0TcdwN46eRsBItPhKEoZff
Ok,5cbMOn3rdTEduKX0LVdxhv
Latence,382KpZ8yvL0l042k1OTdrG
Placebo,17jlkHSNHFu1zUuu8QZyOW
Éternelle,4SPtyShUTUJUV30raFOhAT
Copine,4IsWuCYsqRKwOenrH9ie3b
Pardon,2Fq5X3Mk5wBXm0Ba6HLhRC
Palababe,3VYRYOpS1Hda0xj5J5mLRL
CALLING,6vMpFDjVCApXY3zMd9srVz
Malpolis,4MHEsggGJNsgcK1zKD6W1D
One Up,6R6ZS5HYH4RdXkjEwEJO5R
Milli,21or6VWTcaOPwwVxPioLmJ
"Living Life, In The Night",2kx5sQgmjYug0GiDh1a4sU
"Living Life, in the Night",1FNDFjj3kHYqqEWpE0wO2U
Skiboy,7Cpc0ndWxYB6sUSkOwxzrK
BOJACK INTRO,2PxfCMyWA4KkXZbPcNr1px
Mélodie,5f2aa0Sw8NXuRzeiZFFST3
Slide,0jUBH6aktBM2KCNnEZfBWJ
Talent,1xtIlT3ZRT8mZxhucCyUXk
En face,32AuP8jYvzvV5fAUuaHrnn
Get Down On It - Single Version,2je56j0xuoTi1gYkLLMlJU
Océan,2kkhZtuBuP1jYyKjsNGVZf
QLNT,3LbYXe4nxvgTYofXbceuXs
Arkham,4egC7Ly5xPBB0zDelArt1E
Push,23RzgkADmUXaOm9YIgD8jm
Magnum,4trWevN28OiAmWa617Zb4N
Stretch 4,1EmeUETPQOquxljE27h699
Toxic,18DQCUGYEvzGcCy50phQn7
Killing Me Softly With His Song,0Q0IVlqMV64kNLlwjPj0Hl
Qlnt,5ntIgGCD2FaCBYl4XzD7ue
MALA,4epHhc2lvhFYzMlKA23O3G
J'ai tout su,3fgEIHsl6ecyAK1rpAxBIY
Redbone,0WtDGnWL2KrMCk0mI1Gpwz
Here With Me,78Sw5GDo6AlGwTwanjXbGh
CP_009_ Évidemment,5XoaHIInmGuv7j6KssXWBg
weirdCharacter,3dPtXHP0oXQ4HCWHsOA9js
LIF,1bQzTUxeGELwCbWIan83V3
Eastside (with Halsey & Khalid),0d2iYfpKoM0QCKvcLCkBao
Où tu étais,2nql2MQPDXpsqAeZ6qvfrc
Spaceship,5wyM4j9bYpzMgS5GvcUGYN
Mauvaise nouvelle,3Tf96Fmy3MCGHIkX5t9JUf
Bonnie & Clyde,21aIsunB7PfZI0vlIoaJPh
Wicked Game,7w5AOd6HrDIHewHfpABEss
Obsesion,65H6t1WQBim6q93yM8fEwn
Dope,50Iv0gsXTFbPQnrtbkHK85
Feeling,77xXKe7DoVONCNv7Qej8UI
Mauvais cœur,61RbK6DpJQHMnW99HhVaLD
Comme ça,3hvEnZkAnhIBhRvPsHFpeX
Le schéma,0kh2cDRCWSkxACTJpKfC1W
Taedium,2dLClsgJ0NLuQry3sFKT9s
Ambiance vandale,1znTNvYRyf4K7EnSoDSoIV
Mauvais jour,5QkHql3cQ6lREhvbi1Kq2k
Just Wanna Rock,4FyesJzVpA39hbYvcseO2d
Ambition For Cash,4mIHgQ3ofK2RK34UdbqMbe
In Ha Mood,0yUaLqhsVsguBpoOPL4cO7
Me & You,12Us8e6NFesdkXKf4StU1I
Bikini Bottom,27Qz0cFmMGADsniMeUwyUe
Motel,5gJTFGsEWpjma28XdJbkWP
J'aimerais tellement,0Ps6ZlfiyTzynslEr352B0
World Cup,22TFAU0e7WHAQFGzwneu1e
Kiri Village,5ZBgYRbYF5YH4gEpQwNtyA
CHAQUE JOUR DE LA SEMAINE,7IA4vFk3nGuIL7aBPENCDa
Oxygène (feat. winnterzuko),05pUs3lAIo9r2J8jRLMyTd
R9R-LINE (feat. Damso),4QoZVMhE66MDCd0igG0hd6
Monono,7HETLnQAuqaOgqUWQ4vdLd
