Drill FR 4,3eGnvpFOpf2CEffcKjbC5m
Freeze Raël,6DPrYPPGYK218iVIZDix3i
Scellé part.2,5IkofYa6Ac1plKIf6nYkDE
R.I.P. Pop Smoke,0dala5X9rPNriUNUj86cRq
Le Tour,5oAVcW3DZKnnsfMtbuCszt
Gang,10luKmtlbA2PO8tH3kurlJ
Tudo Bem,4wdJ33LQeaYBdXLKYVHxrE
Clinton,5uQh7IFaZNi5yjmevppS4V
Jamais,4jB8td98pbRVvTqtQ7I3MI
Vice City,2mkfbff7LNN4SUbZ298AvK
Un peu de haine,5yYfCoMrhcuxMP9CAmA2rU
Bâtiment,7FF6HRsQlc0CtfAbLmrEGX
Street,7x3kHHEczVkeuuFkUKjUv7
Enfant compliqué,2WDPXXLSTnfKzHLVpyUFp5
Distant,1Sb7QJRawbARgpMqyYNMkT
Train de vie (feat. PLK),2VXeQ7moo4zfT6EFO3Cwse
Macaroni (feat. Ninho),4Z9CNGHElj2rLkB8mQdvnA
On sait jamais (feat. Niska),216QmkNpU3hIjeZtGocb9B
À la fête,0qARyMVNjA6q1uxxO3nofB
Dybala,4Nfak8iMF4kQfQ6Pa8Z79m
Hors ligne,0wUC6Pc1BCRJc1aXbF7yxp
Numérologie,5heQbQwyRb9oJgj9joUvCG
Je vous déteste tous,7gXKk9AN9WNlMNlNx1hD0y
Mannschaft (feat. Freeze Corleone),03cOUvF1fyW60AuUfUNiDc
Polémique,3a5T7Hz9j1umf6zQAQp6Tw
Moneygram (feat. Freeze Corleone),4WoheTAmZfr5pknlBqEh1z
Téléphone - Extrait de CRCLR MVT SAISON II,0FLegMOg3yN9e2zF5p9Vxb
Scellé Part. 3,1mBHAJ3O2lwg1c2cCYl2wD
Insolent 4,5AxH6F2Q8zXAoxfZUSkJWa
Insolent 2,1lUncH0gd6EttE8dL3l32v
Insolent 3,0dspQnjbI6zDbfvJvAxmp6
Frères lunaires,3pMq1n5KeZZ2NOdBCYkHPc
Clash Assassins,01Xq0gzAC3mUlkkojtAojE
HAINE&SEX,6Vcxzw4ifKqYxVrp3ckpVF
STAY (with Justin Bieber),5HCyWlXZPP0y6Gqq8TgA20
Chen Laden,50RR02BXAG6Q5ImZhiUK3N
Big Pharma,2ORAci0AuAJak9MEsB55oP
TCHIN 2X,7rM3myZkD0TIKkkFGiozGw
Galerie,2hsEYpnAtMH7CbZJajUU5C
Flocko,5ZU4NxNn0D8N2zabIEhrU5
Fixette,5sLfmuQHJtPjSORQF2sbrJ
Akimbo,0GHN9qDtUXOctlf96tzivw
Gas,1f6jx0NzCcJiY9NQFKCwjR
Cabeza,66tNDqYNR2S6Svwgm3BMi9
Rhum & machette,3UiyduXdRqIpjIG1k7BIvB
Ca suffit,4FJev5hUB4QLujGOmUe6js
Lloret de Mar,1Z9XcMDmP7BQI0hCbFvid3
Lauiss,3d3ww7Pv7gGcKSAyPMpHbp
Prière,4L2mOzRc5l9u3FuxAM32O3
Vrai / Faux,7c8hPeNvH3bWnQPqaVBIst
FRAUDE,5KuU8cuhCGJRmAUZsqUBRE
SCELLÉ PART. 4,5eofynlIG1iDavlmKur6ju
Raspoutine,368KS9UNJ8cft7RJ1USwb9
Peon (feat. Orelsan),6GCre1ICOJlP3AQNuOS3oe
Anunnaki,6Emw7N6BUeyLQOB9E4GeMn
OUTRO,47ZuZBaFvq8VHjNc7wzMQO
Crystal Lake (feat. Freeze Corleone),7xfE1P0du2UZFbtrhZ3DT1
Vettel,5BkuzeWF8UnEG4WA89lBO9
Règne sur le monde,363mqittn6QH7w5qMmsEB0
Tarkov,0aSFXdXIOnQz9GTxU4zZ2f
Double Dash,6FIrQWelDdTvORiljO2ZsL
OLIVINE,3Ja2Jh3sAzdc7n1oCVYDsg
CARTIER,4I5We3zm0o8WCeydM98xBO
Fais un voeu !,3tuc0SkubezWa44Z3QJEnd
Pleine lune,2upDCog2rJUKuM9NoX2v6S
BEZOS-PINAULT-BOLLORE,1Wz2n1lYgZ3PUZCO5N8LaV
FUM22 NOCIVE,3v9eCrcYmTjYjy68TWHj5b
EVIDEMMENT,4azG4CFB2tCEnfjagXSraz
Ça va bien se passer,1orYQKuCNZ1gY06KJ4FhcB
Rihan Vs Nahir,4YMrKfhzb75SSURQEImXdP
Mondeo,0F3iRU2wNFK6DGJg9YSnE0
Fin de Drill,4qONOzoWxNYRU4ayxTCcsA
Adriano,0uS7NwZhcOnVi3jToh9s5W
PARFUM,5ZMxGGQv2jK9lwtGaGH5RL
WALDORF ASTORIA,2DniDwyCLsBp8sCVudmf6u
Mauvais oeil !,34GPWqX3ZCkVFRwg7lMU3o
L'apprentie sorcière !,3ABj19BelXElJ4x4UGbjJc
Freestyle covid 19,5oyvRmPkNBcnS3fHOxI92f
LETTRE À UN OPPS,7LQxyZwcn4Ryq4Z0qllQd3
BODIES (feat. Damso),3im90dPSC5z1PYJ305kgSy
CELINE 3X,2wXS2IXCyBX0WL76LLYT31
MAUVAIS 2X (feat. Ninho),6eyMCE0yqY4XYI8ZUZf9Wk
MOLLY,682C1KGj7SigHyZIFzP0yT
Guapman,3UizQJoEShTLDSUUByJLDr
GRA GRA BOOM (feat. Skread),3aOzpOcVaAXCb2bkabANde
BOSS,2K2hSiCZAwwlFvwTxVRqoi
Filtré,58PwCUkHNkODqp2tCehNSP
Vamos,5QowMIujytktMDC8pktNXH
Dreamlife,5rNR50vhK4Uf46nY9k7oHy
"J'la connais, Pt. 1",7qTRcNu0nqDyjM7cWofXqT
Sensas,142JpcXpYMTXqxfwr5LthZ
BREAK (feat. Jul),0hUCsXwywsvHXBEtmjpElI
NEYMAR JR,3ejRaW9IZCWkr15JN2OpQO
RAPPEL,48BdA5qBxXVoe59xvu0bwc
Balader,6PrB4KpvuoYWtwjPC5a44S
Fin de couplet X,3I7ynoE6dPjUMhlngf8oLi
Insomnie,0L9bDCPUOnrmVqR3IGYY11
Paro,68wNlDFNP4Zl8CralnZ218
Décoller,3eaPSv2wnWMbRSg86R9sWq
Peur (feat. Ziak),7IXQrRgmHxWYWitSlyFY7z
Les galactiques,7MwUFO1Av7sEOCUa1ULmwa
Oh mama oh,5Y4PCU2iZItuebZIEqVBZW
Cœur de pirate,2InKuNaoyiBDf4dmr780BZ
Que ça dure,5A5MuLA4J7V8MZ2UoexDtb
Quitte à les décevoir,0soTXv8kbpIJ5GR4YT9bCI
Zone à risque,3KGtmOCugEeVkfVUr7kkQC
C'est pas un film,31IQpAtwnK3w4gtxjMuU5K
Ghettoïsé,5c4ENCoS1vJnzZ6NBImghk
1000,4jNKpKkbUjDCD88cul4lMu
Mona Lisa,5LYRIyhmlrDAQsYdHEvP0f
Rodé,7Dpk8WYY6uS2HTLCtlzgJ5
Dans les règles,2alIDGhHXNyYP0EcqHJXbE
You Know,0k1UCnGeRl8mX96nDIXhwg
SALE TCHOIN,6Fa36cSErzvCjKLQkXY53R
J'Rêve,1SdAKFXSjj5QSn5CdSn3eO
1ère Symphonie (Hushpuppi),3kLE8jT12BtzuJmeV0fQTu
4ème Symphonie (Beethoven),1tWjRddIZF6oU4gBPyiEYq
Merci,4oxs86wHQwxTnRFrr6Q1YT
"669, Pt. 2",55rPRY6upmsnuCdJTW7UQt
"Moneygram, Part. 2 (feat. Freeze Corleone)",293n6mh52N1qczSPcgur6u
Saiyan 3,4I97oynZSY8jOPskD2JxO8
Santé,1MzTciusSDVT354D0eIdr9
Céline,4ELXGBd6tcisRQjFcbKgFI
Joli bébé,1J4oMIhWDUd9cI1urhEyjl
Baby Lova,5EG5spolZEtCX5JJCrtBT2
Spéciale,6OxnhCRysP2WZwBBwaTttj
La street,29n9av2AJlYDHtqfuv0X04
MIROIR,36s9uCblJBx76RURxmz0ka
La Kush,0RAeV4QzrdHzsn4R0Pdgcp
Si ça compte,4Znd7GjDYHaLJJCqOwv1ys
Pour la paix,3kgGXgosKAUuUjDnuFBeQl
Quatre,4KzeeYU1YMkvp5vh5s7FSu
1 2 3 Soleil,57SnUCIH02ygPyuN4f6bjS
Follow me,4e31rlOaeBSQ4lHj3kFzeM
Passat,5yHoANSze7sGzhn9MUarH3
100 Mi-Temps (feat. Gazo),5s85CA6VdBA6kvXRWjF23B
Jules César (feat. Ninho),02md3tErAyH2cyJVFoH1CP
Fetty Wap,5HavMB9WGE33KK6NL8XjXl
Céline,3nw1MPvp1zEE7Ud7er5Dhg
Ce que je vis,67Yjdfb8asf1Om3hq5Bwfz
PM,17wy19CHGDNksWdPGhqjJl
Infréquentable (feat. Nahir),3eOgWPcPQRdh1cd8MmAJfU
Arrêter le temps,2cURmHBcU37wB9G7foL8Lp
Amy Winehouse,2AElZ6DGiLofdUPR9HvSyu
Coco,6hfkqvPACVG4l4qtY7xDgG
On se reverra plus (feat. Gazo),0RlsG2tl1JE53HC2zbeGnU
La pierre,1KQQPzGRBilAih9MYO8k6e
44,2kg6gav2Y7ceVoZ0s5l3Zz
Nwar sur Nwar,0sZupYpemHt4KTywGlXmRi
Rythme infernal (feat. Captaine Roshi),2PqckZy5PT0DDWuLZ2rLuc
ALO,2gVEgY3FxEL8R4frXffu6E
Smile:( (feat. So La Lune),1TBRrjtmgVxKTOJIjYiMrf
Trap Kongo (feat. Freeze Corleone),3irMI4aUuxIKET9Vpex95w
Potion,3pGfktLBGwmJhVyQOSwXH2
AMBER,5UPpgOKi0UQMMMSzWWgJJe
Genkidama,1Jbim0t3F0TlAgBcza6tty
LIQUIDE (feat. Rsko),72hoP0FTP48qvAZIIEj7g3
Aqua dans la Mercedes,5SK1G2SAbNA7alM7gWbVdr
Tennessee,0iR0ZbEw46KtSDSGph0HHE
Cette année-là,41NJluEub1MMcwkUo411an
Comète,5OFujJA35FpYqy9KeLMnTV
Eclipse (feat. Kerchak),20S2ujagMDiUkO3ZZupGRg
All eyes on me,0ySG6lQwoDCdtDCuQuRDrT
Link in the Ends,6LaiBYDgJ0nTGAldMQeg9Y
G-Love,6lgEspumgEZ8oC1YcVMq7J
Changer (feat. UZI),2kWESI24nQiYVAaMJUkGdC
L'argent (GLM #5),6LkRs5AOsAfvJyueMgDpI4
R.A.F,0Bo36dconUdOrPoFgVZM5p
17%,4Pqh6V967VGBSIxvy3EQik
BECTE,0Fqpx84jq1cK3pDtPvTFyM
Tranzzak,0PP5lmi8jIK1M1bqFLAv1E
Le Cauchemar Continue,2Hffw85sc11ZACjQqsK9Ru
Into The Dark,4pQMjVCY5h9uSh0dAU94pC
MaDrug ?,6MG2nPBtSB5GMynXI9jhfE
Cache-Cache,6pbCwd97Z68YM9PUpMVyHG
FREDDY KRUEGER,3OmfvR71Fabyw88OYJhCXP
Halloween,0lMSTdloaFano6nEx4bWgn
LET GO,3zkyus0njMCL6phZmNNEeN
Belek mS,60FwFd32dWBNfaewQ84Jdc
"Pierre, feuille, papier, ciseaux",6Uk6MCdcT025QBTcXRFKDL
Iverson,5JEpmF4ecJ7Ij71uONhAnT
Diamant,1oRVQdnCAG4YBCkOy4xpP5
Il Était Une Fois,3vX22j7S4dWISw3pafuqCF
T-max 560,45ixxjT6r08sczuTnZuBPf
SHOW,45hgV5dMue6OCYfD45vrGq
R.A.S,4uw4rSbM2chpagkhZ7kgld
Blue,7wBoSW48q4ZFe8qSdozqqi
"ECHELON FREESTYLE (feat. Yonidas, Rafal, Charles Bdl & Suikon Blaz AD)",1xfDPyjbzlczSDvCtE5hc3
Picsou,0znMIaioz6kasm6yJ8nylG
TOUT VA BIEN (feat. Ninho & Naps),6OZwia8loN0aPS0vTvsBjR
Atisuba,7rDjz9XgkrN820rdnfekim
Dans le noir,2EadHntg35tYKeIKBY7ZJ9
RUFF RYDERZ,4q9EB7rWYGQLSC6qzfRqAX
AUCUN RETOUR,77SzoS8a1CV485A5r9dZgc
Des années,5w6xPheofZReQgF4YCpmoW
Ironie,2dMVRrhKoOev85Yw0YBva0
Galactic,3NzxPt9QFCTsFBQ0wPVTDe
Je t'emmène,4AulkMc9uqPu5aRE3iYFHh
Cro Cop,1dCto7cRmsIacRhASlFJjI
DIE,3D29kjUyWxsT3jUUTtARVQ
Je M'appelle,6A3SB2C4U6JtCavQOXLYNN
DRILL FR 4 - REMIX,2ukyEj2CKfTYzcdyK7Mc8u
Bourbier,590mLwj3O9Jg2wc5qOlc44
Bientôt Là,3anBHJ8Mln7QWQw8OFqLys
Qwer,2QdxtKUNWaOLR0narWH32u
Urus,7A2DyRIqqelhZ4caPJMaFI
TN,4JVzcsudruWNDSuauowWVx
22 Carats,1fmVM7nzDB3pUPhPQgzYoT
MICROPHONE CHECK,2LUIAIHSKr56syNrvQSvXN
Attentat,5ioieZofgvXQK70RFhVohl
Calme toi,30d0q6kt1BIfwAQUCAfxVQ
Distance,5LCLZddrQpjLDCxW37M3y3
La Douille #7,4NFFSkON42TSmfooAgEGJy
Même pas un grincement,7wNHu6h06KBh20KVYmnRKa
Sauvage,2H4oo6ZF7rc7ePVDOZSaw3
Match,5atXcF9P7BvCIfCwpALYXB
Super-héros,3IhfrTcqO800vh89edReik
Jolie (feat. Ninho),16FTTvpIgihyei3EBNw1jd
MAUVAIS PAYEUR,18gJ5bLhq6cfKJefdwzGpj
Contrôle (feat. Naza),0MXVeHfGXPArgvsP5Tsg3g
C'est pas assez,1cCMTx3pevrnOogkqDw7hN
Tracklist,3ZyFghB5WLW9e6zVNUFCW4
J’aimerais tellement,7ey5InDMQqScxDUvF1r2pq
Sabor,5B65hyzMeG5J3VcxyAUvwj
Bénéfice,5QfdFbXpIcIYLzN7qaelU4
CAPRICE,5Xp7dG47c7hqNxZ2hXqAOa
230 (feat. PLK),4Y4diRGOGDxZcDh9qYwFVv
Mr. Ocho,1xLCwgQcF6bKncTJmRGGws
Nocif,4BZZTXcd5ROagKhynqj61X
Metaverse,7rzjdyHmqwloCA16UBdDgg
Booba,5GfIwtmKlRsZHL3vvyMVzc
La familia,5KiShNkfGpDDabRGrmSmf0
Rappel des faits,0eiApuQ2ivSUhinzgHYw49
Tomb Raider,7F7mrivCzAPYZ650y1eoeJ
Seinen,7MPlnOcUE5OeVZdIcugUZt
Anthracite,2AoDYFB8sKWZunF2hS6Nxh
Chrome,4td35NZotdGMJtFhCkZ4jh
La plage,1KeTZ0u65Y5XF05d5z426p
Démonstration,1KGnU9EowxHQxmQJzGGpDv
Le son préféré de mes potes,2cZHnB0kPWwoEEYKPmPDCi
Désolé,5rg7mStkBrOW5yaZA2ZImb
Le crime parfait,5L00AR9P5b2iaizne5PVUS
Pour une fois,31XAmcGjyAjxwFqsBtZqFG
Décembre,5yzH31eVQS7ctEcvYIwdTk
Apnée - En attendant Vivaldi,2km0whIyegOAQTuKndNSeu
Boy's a liar Pt. 2,6AQbmUe0Qwf5PZnt4HmTXv
Lala (feat. So La Lune),7rpLbfcLsJIe6vlsRniXTo
Opaque,0xiMdJVrFh8Al0dRowFu76
Escorte,5D9CqIYZICoofCpT4QlkuU
La Pègre,7vIuqOkUDeMIYkf8Mnob8P
Velar,2MGSHTuIsRqGmYqjswWiBB
B22,19f3WsiGZq0nG0bboLa7th
Rif,3pjkpMQLqDjNEkvR5hPl8K
Araï,7rIt7p95T9y9ndjip9F83X
Malembé,0dAdLqKqFPmOzkPiTA4V2K
B.E,4u8xc4TuoaMS85GfOTKmd0
